stay_date,occ,adr,revpar
3/1/18,0.874524332,215.9323327,188.838079
3/2/18,0.899531432,197.1350941,177.3292134
3/3/18,0.838585259,201.1181142,168.6546859
3/4/18,0.76248096,212.5372979,162.055643
3/5/18,0.831692268,253.8319528,211.1100725
3/6/18,0.92817865,265.3698621,246.3106403
3/7/18,0.99436427,286.4725054,284.8580237
3/8/18,0.851812314,252.9357908,215.4538214
3/9/18,0.853017942,209.6888245,178.8683297
3/10/18,0.941707758,222.8257505,209.8367379
3/11/18,0.803365174,224.6370901,180.4656149
3/12/18,0.928547825,272.0871988,252.6459767
3/13/18,0.938323222,281.0598756,263.725008
3/14/18,1.009046082,286.4582262,289.0495509
3/15/18,1.004915451,258.6843814,259.9559318
3/16/18,0.961499935,237.5722764,228.4257284
3/17/18,0.970922938,243.6817861,236.5962357
3/18/18,0.766911062,234.1468441,179.5698049
3/19/18,0.89183684,277.5059427,247.490023
3/20/18,0.903212857,303.3797355,274.0164775
3/21/18,0.974157738,311.1976415,303.1555906
3/22/18,0.804808313,261.8688121,210.7541969
3/23/18,0.892424164,255.0568175,227.6188671
3/24/18,0.881689686,253.3022341,223.3339673
3/25/18,0.795084549,270.0880953,214.7428714
3/26/18,0.996903317,302.37942,301.4430469
3/27/18,0.940112302,322.5668697,303.2490822
3/28/18,0.982092423,317.6658306,311.9772052
3/29/18,0.937834,294.0519501,275.7719166
3/30/18,0.932901768,255.5523254,238.4052163
3/31/18,0.941697431,256.4253476,241.4750911
4/1/18,0.75061185,231.3472599,173.6519947
4/2/18,0.860367884,270.3200853,232.5747199
4/3/18,0.956319866,297.2490287,284.2651512
4/4/18,0.942859171,289.4477117,272.9084296
4/5/18,0.983074739,270.5783947,265.9987847
4/6/18,0.944728282,243.8052336,230.3296994
4/7/18,0.874230025,251.2143635,219.6191392
4/8/18,0.71568349,240.771197,172.3159707
4/9/18,0.841666452,288.0229786,242.4192784
4/10/18,0.893953789,304.6914121,272.3800422
4/11/18,0.934899961,306.9106405,286.930746
4/12/18,0.916621918,268.2678699,245.9002095
4/13/18,0.940777075,257.9234717,242.6484893
4/14/18,0.984441719,264.0890092,259.9802383
4/15/18,0.856470892,251.1538152,215.1059321
4/16/18,0.866208855,293.1829919,253.9577037
4/17/18,0.915724797,313.7338871,287.2939
4/18/18,0.944871563,313.99967,296.689359
4/19/18,0.98638764,290.5602071,286.604997
4/20/18,0.920650545,276.7517361,254.7916367
4/21/18,0.93178577,267.3061493,249.072066
4/22/18,0.829824317,259.2301066,215.1154461
4/23/18,0.875257066,291.4368624,255.0821731
4/24/18,0.925612567,317.1370653,293.5460529
4/25/18,1.007030435,329.4592355,331.7754771
4/26/18,0.993129231,306.5189416,304.4129206
4/27/18,0.92196817,288.6754169,266.1495459
4/28/18,0.957185449,282.2196887,270.1365795
4/29/18,0.894026249,259.8607355,232.3223187
4/30/18,0.956237276,314.4039169,300.644745
5/1/18,0.958687025,350.386367,335.9108639
5/2/18,0.959202191,337.1308105,323.376612
5/3/18,0.938870976,314.7663601,295.5249997
5/4/18,0.932977316,298.9209671,278.8864816
5/5/18,1.00785718,297.4267086,299.7636437
5/6/18,0.815989769,284.580866,232.2150751
5/7/18,0.969100398,336.0193797,325.6365145
5/8/18,0.940750788,372.0818202,350.0362656
5/9/18,0.996952927,350.4224947,349.3547318
5/10/18,0.981012246,316.795052,310.7798255
5/11/18,0.931741849,263.6431286,245.6473361
5/12/18,0.940422673,271.4311303,255.2599892
5/13/18,0.866485299,292.6412477,253.5693392
5/14/18,1.002898259,376.4854412,377.5765934
5/15/18,0.975530409,406.398021,396.4536276
5/16/18,0.967003049,399.611956,386.4259797
5/17/18,0.985946882,344.0679661,339.2327382
5/18/18,0.982798016,291.8563012,286.8357937
5/19/18,0.992975766,286.3078801,284.2967866
5/20/18,0.875264817,271.4352723,237.5777439
5/21/18,0.930884617,326.4120212,303.8519294
5/22/18,0.950416473,344.4304277,327.3523523
5/23/18,0.893602026,314.4333156,280.9782477
5/24/18,0.820464011,249.8932179,205.0283918
5/25/18,0.891564099,234.4696391,209.0447125
5/26/18,0.926153568,254.661636,235.8557828
5/27/18,0.956395391,220.5506164,210.933593
5/28/18,0.75631995,221.2642354,167.3465556
5/29/18,0.860609725,287.927115,247.7928751
5/30/18,0.925794967,307.5138495,284.6947742
5/31/18,0.93866739,270.25342,253.6780724
6/1/18,0.900351367,257.7905983,232.1021175
6/2/18,0.967298093,255.6755433,247.3144655
6/3/18,0.847806025,266.9964912,226.3612338
6/4/18,0.92179197,357.1622365,329.2292817
6/5/18,0.951139875,376.2994506,357.9134124
6/6/18,0.973361753,371.8989473,361.9922111
6/7/18,0.946933292,302.391489,286.3445681
6/8/18,0.940215987,267.2420421,251.2652404
6/9/18,0.91522503,266.7296058,244.1176114
6/10/18,0.849764894,255.3565469,216.9930291
6/11/18,0.992022942,313.9416896,311.4373586
6/12/18,0.951424069,358.2706438,340.8673136
6/13/18,1.011217382,347.6936752,351.5938881
6/14/18,0.962954581,296.9455923,285.9451183
6/15/18,0.948360461,243.9342087,231.3375586
6/16/18,0.907117243,244.910717,222.1627344
6/17/18,0.815304604,249.4684931,203.392811
6/18/18,0.890267659,319.1381428,284.1183672
6/19/18,1.01785718,347.4773542,353.6823198
6/20/18,1.001629205,366.1626803,366.7592343
6/21/18,1.01196817,321.5405036,325.3887551
6/22/18,0.918872526,277.6199663,255.0973598
6/23/18,0.968402832,272.909519,264.2863509
6/24/18,0.908470005,250.4927036,227.5651076
6/25/18,0.925095851,303.1496988,280.4425285
6/26/18,0.986591226,326.5279703,322.1496306
6/27/18,0.988246267,310.2900697,306.643003
6/28/18,0.983339017,269.262683,264.7765021
6/29/18,0.929772128,241.8982759,224.9102748
6/30/18,0.95325841,250.2467799,238.5498474
7/1/18,0.871796621,209.9172491,183.0051484
7/2/18,0.884520229,211.6492946,187.2080826
7/3/18,0.845947398,208.1182014,176.057051
7/4/18,0.817802925,206.7739136,169.1003113
7/5/18,0.829219242,201.7176259,167.2681369
7/6/18,0.864690229,197.8085932,171.0431577
7/7/18,0.911305741,205.3090133,187.0992825
7/8/18,0.831476257,219.8967352,182.8389143
7/9/18,0.941225133,262.6321416,247.1959724
7/10/18,0.973544153,302.9797803,294.9641937
7/11/18,1.011165711,302.6443583,306.0235977
7/12/18,0.932152121,271.6462654,253.2156425
7/13/18,0.920708417,232.8368241,214.3748238
7/14/18,0.941194647,236.3518853,222.4531292
7/15/18,0.864360564,253.7834031,219.3603655
7/16/18,1.017574536,286.5676322,291.6039255
7/17/18,0.950414923,313.6717479,298.11831
7/18/18,0.932560843,303.2368384,282.7868017
7/19/18,0.979000155,264.047823,258.5028597
7/20/18,0.958922648,257.4472823,246.8720295
7/21/18,0.977421072,257.6823785,251.8641866
7/22/18,0.850325531,248.2373812,211.082583
7/23/18,0.940340516,299.0420396,281.2013457
7/24/18,0.956772077,307.4328399,294.1431566
7/25/18,0.964214334,313.3549927,302.1413755
7/26/18,1.011761484,276.4866641,279.7385576
7/27/18,0.96571436,247.2369425,238.7602656
7/28/18,0.92589521,256.8158554,237.7845704
7/29/18,0.904953237,243.4055751,220.2706632
7/30/18,0.943109595,269.6773666,254.3353121
7/31/18,0.975589831,283.2406657,276.3267132
8/1/18,0.963057924,282.1143179,271.6924293
8/2/18,0.976728156,250.8238238,244.9866908
8/3/18,0.986415026,239.9575616,236.6977444
8/4/18,0.968946933,233.9189162,226.6550165
8/5/18,0.878521676,229.0309911,201.2086902
8/6/18,0.946108097,265.1715377,250.8809389
8/7/18,0.930082158,295.7251346,275.0486713
8/8/18,0.922924094,297.7581794,274.8081981
8/9/18,0.940371002,262.9223555,247.2445589
8/10/18,0.971896864,233.1249565,226.573414
8/11/18,0.971246318,249.5480655,242.3726399
8/12/18,0.89420555,221.9043171,198.4280718
8/13/18,0.954170413,255.4672392,243.7592811
8/14/18,0.918223531,285.8214,262.4479352
8/15/18,0.956805663,265.6942095,254.2177243
8/16/18,0.921798171,234.8696624,216.5024252
8/17/18,0.96357619,229.1278558,220.7821462
8/18/18,0.942073064,240.9360795,226.9793905
8/19/18,0.808424534,217.7307299,176.0188638
8/20/18,0.917222136,247.5996199,227.1038522
8/21/18,0.912334522,268.2473622,244.7313289
8/22/18,0.919878572,258.0041129,237.3324549
8/23/18,0.904144577,233.9414801,211.5169205
8/24/18,0.921972821,233.8692455,215.6210879
8/25/18,0.927421072,230.6360884,213.8967683
8/26/18,0.829246628,219.4761577,181.9998638
8/27/18,0.90817496,254.7356271,231.3445179
8/28/18,0.934684028,261.0017164,243.9541357
8/29/18,0.894351263,251.4880513,224.9186564
8/30/18,0.887690281,227.5597874,202.0026115
8/31/18,0.944191598,242.8207613,229.2693227
9/1/18,0.976358704,260.5241571,254.3650284
9/2/18,0.922801116,253.3063884,233.7514179
9/3/18,0.684952204,235.6755867,161.4265125
9/4/18,0.917223686,302.907555,277.8339842
9/5/18,0.973466646,352.8063014,343.4451669
9/6/18,0.912565494,328.5472102,299.8208471
9/7/18,0.897892316,294.4606155,264.3939241
9/8/18,0.910861882,290.4529652,264.5625345
9/9/18,0.793467163,274.8789638,218.1074315
9/10/18,0.843197954,332.0010328,279.9425915
9/11/18,0.961272154,373.8351743,359.3573433
9/12/18,0.94374929,407.2050323,384.29946
9/13/18,0.954813207,353.9095758,337.9175371
9/14/18,0.872030693,307.3218099,267.9940509
9/15/18,0.920760089,299.4371168,275.7097462
9/16/18,0.838996021,275.7408646,231.3454883
9/17/18,0.911362063,317.1940363,289.0786112
9/18/18,0.918106753,331.618833,304.4614902
9/19/18,0.930035137,344.5937343,320.4842808
9/20/18,0.93638919,336.2932803,314.9013925
9/21/18,0.918228182,328.4943707,301.6327887
9/22/18,0.90768098,368.0089965,334.0347665
9/23/18,0.843454762,420.524063,354.6930233
9/24/18,0.918612618,502.2003669,461.3275939
9/25/18,0.946307033,504.0430264,476.9794606
9/26/18,0.968399731,502.0132807,486.1495261
9/27/18,0.959849636,417.0120804,400.2688934
9/28/18,0.92130109,346.280335,319.0284501
9/29/18,1.00638764,323.7534701,325.8214908
9/30/18,0.844649408,301.2396453,254.4418882
10/1/18,0.906382429,346.6980516,314.2410221
10/2/18,0.93255814,379.1532544,353.5824535
10/3/18,1.01873385,404.1655738,411.7371511
10/4/18,1.007596899,356.5615651,359.2703273
10/5/18,0.921317829,330.3071359,304.3178535
10/6/18,0.939302326,346.3019364,325.2822142
10/7/18,0.890801034,294.636456,262.4624595
10/8/18,0.936950904,324.5156886,304.0552679
10/9/18,0.908630491,379.1512428,344.5083799
10/10/18,0.964521964,385.1101156,371.4471649
10/11/18,0.921447028,343.386977,316.4129096
10/12/18,0.914341085,297.527888,272.041972
10/13/18,0.885167959,304.2597418,269.3209746
10/14/18,0.807674419,279.1538575,225.4654296
10/15/18,0.890801034,346.8656441,308.9882743
10/16/18,0.924832041,386.5028516,357.4502212
10/17/18,1.019638243,407.4995906,415.5021665
10/18/18,0.972583979,365.8430976,355.8131357
10/19/18,0.994470284,324.0703529,322.278336
10/20/18,0.947855297,305.6040606,289.6684276
10/21/18,0.854883721,296.7768378,253.7096874
10/22/18,0.979638243,345.5474399,338.5114869
10/23/18,0.930930233,388.841786,361.9845743
10/24/18,0.968062016,395.1900288,382.5684558
10/25/18,0.995710594,363.4382456,361.8793116
10/26/18,0.998527132,308.3310825,307.8769515
10/27/18,0.947364341,307.0353349,290.8743278
10/28/18,0.885503876,294.2735447,260.5803644
10/29/18,0.921421189,311.7754985,287.2765504
10/30/18,0.813152455,312.6504416,254.232474
10/31/18,0.854935401,298.7986847,255.4535732
11/1/18,0.952196382,326.4071172,310.8036762
11/2/18,0.929354005,310.8119448,288.8543258
11/3/18,1.004857881,338.2643661,339.9076142
11/4/18,0.863824289,317.208081,274.0120451
11/5/18,0.944832041,324.3398125,306.4466471
11/6/18,0.989612403,364.3757304,360.5907422
11/7/18,0.973927649,372.1076192,362.4058986
11/8/18,0.971369509,328.6489068,319.2395273
11/9/18,0.964366925,300.6722543,289.9583773
11/10/18,0.976873385,300.0605412,293.1211566
11/11/18,0.839664083,277.4689477,232.9807095
11/12/18,0.885529716,326.2297596,288.8861463
11/13/18,0.946175711,392.4338557,371.3113822
11/14/18,0.968992248,386.7370154,374.74517
11/15/18,0.96372093,340.1589022,327.8182536
11/16/18,0.872118863,287.6587563,250.8726275
11/17/18,0.950103359,278.8137959,264.9019241
11/18/18,0.854496124,233.5374582,199.5568529
11/19/18,0.873565891,233.0768364,203.6079744
11/20/18,0.772351421,249.9489291,193.0484106
11/21/18,0.942945736,301.1139364,283.9341025
11/22/18,0.963410853,302.7901319,291.7112992
11/23/18,0.952377261,306.9476593,292.3299711
11/24/18,0.934496124,273.873964,255.9341578
11/25/18,0.729870801,256.3666293,187.114517
11/26/18,0.780155039,301.549754,235.25556
11/27/18,0.964418605,351.7456242,339.2300241
11/28/18,0.923514212,372.3572615,343.8772229
11/29/18,0.991395349,367.2327921,364.0728821
11/30/18,1.007596899,344.3570863,346.9731324
12/1/18,1.015116279,359.4647317,364.8985009
12/2/18,0.82870801,342.5875485,283.9050457
12/3/18,0.939147287,428.62308,402.5402027
12/4/18,0.96126615,468.5070598,450.3599776
12/5/18,0.953307494,484.3895039,461.7721439
12/6/18,0.938062016,416.6451108,390.8389524
12/7/18,0.946537468,390.5444443,369.6649493
12/8/18,0.96126615,387.9352361,372.9090108
12/9/18,0.817183463,310.9538835,254.1063712
12/10/18,0.880904393,348.7392289,307.2059187
12/11/18,0.981162791,391.4521281,384.0782625
12/12/18,0.990310078,397.0031373,393.1562077
12/13/18,0.925219638,351.1067198,324.8508323
12/14/18,0.997312661,317.0344359,316.1824571
12/15/18,0.953850129,327.7396995,312.6145547
12/16/18,0.848552972,240.7136607,204.2582921
12/17/18,0.937829457,251.2195746,235.6011174
12/18/18,0.852093023,252.36792,215.0409439
12/19/18,0.893514212,243.7328113,217.7787308
12/20/18,0.838165375,242.8738007,203.5684102
12/21/18,0.89873385,242.838974,218.247606
12/22/18,1.010930233,260.9168677,263.7687498
12/23/18,0.93997416,237.4839919,223.2288158
12/24/18,0.847157623,239.9902239,203.3095476
12/25/18,0.864160207,242.6409685,209.6806695
12/26/18,0.927700258,276.033016,256.0759003
12/27/18,0.927958656,299.6081411,278.0239681
12/28/18,0.989250646,325.7739917,322.2721317
12/29/18,0.985400517,335.4173983,330.5204776
12/30/18,0.960775194,329.596986,316.6686081
12/31/18,0.959689922,408.9618997,392.4766138
1/1/19,0.765374677,261.7430231,200.3314818
1/2/19,0.727105943,209.6518822,152.4391296
1/3/19,0.7174677,205.5756513,147.4938898
1/4/19,0.81620155,187.0038416,152.6328254
1/5/19,0.72994832,176.712956,128.9913254
1/6/19,0.639509044,181.511522,116.0782599
1/7/19,0.702015504,179.632241,126.1046182
1/8/19,0.796149871,205.5217776,163.6261367
1/9/19,0.79630491,209.8778577,167.1267685
1/10/19,0.752609819,197.5483486,148.6768269
1/11/19,0.664160207,177.7448303,118.0510433
1/12/19,0.796666667,200.8943573,160.045838
1/13/19,0.789844961,225.5703967,178.1656413
1/14/19,0.971369509,256.41064,249.0694775
1/15/19,0.89749354,260.6438938,233.926211
1/16/19,0.840206718,225.6186409,189.5662979
1/17/19,0.774935401,186.4147758,144.459409
1/18/19,0.764237726,171.9869452,131.4389119
1/19/19,0.8874677,186.9359517,165.8996192
1/20/19,0.690103359,169.4366553,116.928805
1/21/19,0.585736434,174.1689523,102.0171011
1/22/19,0.736589147,207.0589474,152.5173735
1/23/19,0.790749354,205.8715599,162.792803
1/24/19,0.778501292,181.0279028,140.9304562
1/25/19,0.745865633,176.4466153,131.6054665
1/26/19,0.744496124,178.3976028,132.8163238
1/27/19,0.57873385,178.4085931,103.251092
1/28/19,0.749018088,204.0150344,152.810951
1/29/19,0.84118863,224.5085943,188.854077
1/30/19,0.856640827,220.106567,188.5522715
1/31/19,0.699328165,198.1616551,138.5800267
2/1/19,0.710490956,176.3533778,125.29748
2/2/19,0.717622739,168.9912305,121.2719497
2/3/19,0.584857881,170.0582721,99.4599207
2/4/19,0.815839793,209.4560749,170.8826008
2/5/19,0.878423773,233.7353067,205.3186499
2/6/19,0.863617571,226.8657149,195.9252177
2/7/19,0.775090439,190.2744371,147.4798971
2/8/19,0.796692506,192.3721134,153.2614212
2/9/19,0.79250646,192.4464983,152.5150931
2/10/19,0.710930233,177.4300186,126.1403644
2/11/19,0.852945736,204.595279,174.5086709
2/12/19,0.81881137,224.591273,183.8978879
2/13/19,0.759431525,206.334404,156.696851
2/14/19,0.819302326,202.4764079,165.8893919
2/15/19,0.91620155,196.8847411,180.3861051
2/16/19,0.970878553,214.0397752,207.8066272
2/17/19,0.905142119,204.4155592,185.0251324
2/18/19,0.780981912,203.698008,159.0844598
2/19/19,0.865271318,210.1418164,181.8296864
2/20/19,0.83369509,213.7334353,178.1885157
2/21/19,0.829354005,181.5211584,150.5452997
2/22/19,0.818320413,170.2130139,139.2887839
2/23/19,0.852118863,179.360701,152.8366366
2/24/19,0.596640827,179.7096611,107.2221208
2/25/19,0.765193798,200.3577041,153.3124726
2/26/19,0.860387597,233.8588766,201.2092769
2/27/19,0.844625323,223.6705679,188.9178257
2/28/19,0.888113695,211.022216,187.41172
3/1/19,0.84369509,185.9764076,156.9073821
3/2/19,0.872041344,201.3953283,175.6250527
3/3/19,0.78875969,201.8893868,159.2422102
3/4/19,0.818113695,224.3180537,183.5176718
3/5/19,0.946046512,260.7217802,246.6549306
3/6/19,0.939741602,266.1776441,250.1382057
3/7/19,0.830594315,227.2005826,188.7115123
3/8/19,0.862919897,221.0973413,190.7892949
3/9/19,0.917028424,213.6862094,195.9563278
3/10/19,0.745271318,212.0464278,158.0321207
3/11/19,0.894289406,261.9060415,234.2197982
3/12/19,0.955839793,274.8073136,262.6717658
3/13/19,0.905400517,282.8408276,256.0842315
3/14/19,0.870180879,247.7374718,215.5764108
3/15/19,0.930258398,233.7351841,217.4341179
3/16/19,0.9674677,239.8062668,232.0048175
3/17/19,0.77881137,227.0917373,176.8616269
3/18/19,0.901576227,279.6401876,252.1169454
3/19/19,0.966692506,303.2086351,293.1095154
3/20/19,0.932067183,309.6920556,288.653802
3/21/19,0.961886305,277.5559381,266.9772557
3/22/19,0.923281654,240.6674397,222.2038317
3/23/19,0.891059432,239.9284691,213.7905253
3/24/19,0.755607235,211.8387565,160.0668971
3/25/19,0.810775194,247.0103227,200.2698423
3/26/19,0.893565891,272.4320017,243.4359445
3/27/19,0.873617571,265.8899076,232.2860952
3/28/19,0.916098191,234.3809601,214.7159736
3/29/19,0.858268734,226.6898841,194.5608398
3/30/19,0.903669251,227.6526999,205.7227448
3/31/19,0.660697674,234.4054912,154.8711629
4/1/19,0.806072351,275.6344368,222.1812986
4/2/19,0.972118863,306.1897672,297.6528484
4/3/19,0.942377261,314.2267564,296.12015
4/4/19,0.96496124,285.5348691,275.5300815
4/5/19,0.965943152,247.3214112,238.8984236
4/6/19,0.947235142,254.3596683,240.9384166
4/7/19,0.823049096,235.7133501,194.0036597
4/8/19,0.926020672,275.7295238,255.3312389
4/9/19,0.927596899,302.1126853,280.2387901
4/10/19,0.89751938,303.557296,272.448556
4/11/19,0.891111111,273.1942124,243.4463982
4/12/19,0.931498708,256.5802715,239.0041914
4/13/19,1.001627907,266.3917022,266.8253631
4/14/19,0.856744186,269.8391149,231.1830928
4/15/19,0.980594315,305.1549007,299.2331609
4/16/19,0.969018088,336.815157,326.3799794
4/17/19,0.935762274,340.6301762,318.7488683
4/18/19,0.950284238,286.1134943,271.8891439
4/19/19,0.942945736,279.8089604,263.8446662
4/20/19,0.953617571,275.5442223,262.763812
4/21/19,0.746124031,253.6836974,189.2795029
4/22/19,0.816511628,273.861302,223.6109375
4/23/19,0.929586563,322.2887989,299.5953369
4/24/19,0.945994832,321.3631617,304.0078902
4/25/19,0.953229974,294.9512674,281.156389
4/26/19,0.922377261,255.8473657,235.9877924
4/27/19,0.930930233,260.0704993,242.1074904
4/28/19,0.766718346,263.4696238,202.0069942
4/29/19,0.814134367,303.8920651,247.408974
4/30/19,0.952377261,332.2063653,316.3857883
5/1/19,0.930775194,346.8930486,322.8794445
5/2/19,0.911395349,319.8059974,291.4696986
5/3/19,0.879793282,294.5657218,259.1569431
5/4/19,0.924108527,289.6406512,267.6593955
5/5/19,0.755167959,263.5918544,199.0561226
5/6/19,0.887028424,321.8044754,285.4497166
5/7/19,0.974082687,359.0684704,349.7623806
5/8/19,0.896098191,358.5891115,321.3310542
5/9/19,0.9074677,307.3743384,278.932284
5/10/19,0.834366925,246.0844594,205.3247337
5/11/19,0.886847545,257.8275582,228.6537371
5/12/19,0.737364341,254.8438234,187.9127479
5/13/19,0.894702842,341.4249776,305.4738979
5/14/19,0.981395349,383.9269195,376.7840931
5/15/19,0.919741602,386.0760908,355.0902423
5/16/19,0.908656331,320.0275271,290.7950385
5/17/19,0.920232558,281.3274522,258.886681
5/18/19,0.962041344,293.1135576,281.9873608
5/19/19,0.905374677,274.9559149,248.9381226
5/20/19,0.909147287,342.1357504,311.0517892
5/21/19,0.939069767,371.4329721,348.8014748
5/22/19,0.960620155,344.134172,330.5822217
5/23/19,0.85374677,258.3448101,220.5610472
5/24/19,0.849095607,238.8014634,202.7652736
5/25/19,0.929457364,247.9921234,230.4981054
5/26/19,0.902093023,226.176415,204.032166
5/27/19,0.720645995,222.2767932,160.1828808
5/28/19,0.861369509,281.5881929,242.5514835
5/29/19,0.960155039,311.1795832,298.7806448
5/30/19,0.931834625,285.0504458,265.6198754
5/31/19,0.912222222,245.5103468,223.9599941
6/1/19,0.948656331,264.7440155,251.1510864
6/2/19,0.768656331,266.3933,204.7648965
6/3/19,0.869612403,350.4836342,304.7849154
6/4/19,0.970697674,373.0501166,362.1188806
6/5/19,0.920310078,357.7806246,329.2691143
6/6/19,0.878242894,295.0868729,259.1579493
6/7/19,0.912170543,248.2533324,226.449377
6/8/19,0.886692506,243.8957642,216.2605465
6/9/19,0.798527132,240.6246529,192.1453139
6/10/19,0.928475452,312.2960511,289.9592173
6/11/19,0.977054264,349.3262054,341.3106584
6/12/19,0.961369509,347.6080176,334.1797492
6/13/19,0.880129199,278.6025143,245.2062077
6/14/19,0.833049096,234.2661532,195.1552071
6/15/19,0.835064599,231.6334579,193.4289008
6/16/19,0.71124031,226.8238992,161.3263004
6/17/19,0.925348837,300.3208726,277.9015702
6/18/19,0.953281654,355.0018224,338.4167243
6/19/19,0.989173127,336.7365815,333.0907772
6/20/19,0.936485788,282.447182,264.5077718
6/21/19,0.949405685,253.8383889,240.9956094
6/22/19,0.95118863,265.2219572,252.2761103
6/23/19,0.933462532,251.1929618,234.4792183
6/24/19,0.922790698,310.0670465,286.1269862
6/25/19,0.962196382,330.2215121,317.7379444
6/26/19,0.993875969,329.8472358,327.8272411
6/27/19,0.927105943,275.6354001,255.5432176
6/28/19,0.860826873,261.5926404,225.1859747
6/29/19,0.932635659,259.4867402,242.0065869
6/30/19,0.912403101,219.8588938,200.5999364
7/1/19,0.784754522,205.7084707,161.4306526
7/2/19,0.781808786,198.270615,155.0097087
7/3/19,0.772222222,199.3947157,153.9770305
7/4/19,0.942325581,212.4955002,200.2399458
7/5/19,0.930103359,208.5574776,193.9800105
7/6/19,0.863953488,207.0810973,178.9084364
7/7/19,0.72754522,212.4646754,154.5776589
7/8/19,0.832325581,261.4475444,217.6094794
7/9/19,0.955736434,284.822177,272.2149318
7/10/19,0.974134367,298.3453685,290.6284767
7/11/19,0.949767442,267.7483685,254.298683
7/12/19,0.927183463,230.4475186,213.6671282
7/13/19,0.901627907,240.3421644,216.6992026
7/14/19,0.782403101,234.175304,183.219484
7/15/19,0.968346253,273.8709541,265.2019122
7/16/19,1.017390181,318.8406136,324.3853096
7/17/19,0.966873385,296.7538113,286.9233621
7/18/19,0.85501292,257.9609739,220.5599655
7/19/19,0.919043928,236.8057851,217.6349189
7/20/19,0.950981912,242.1413674,230.2720606
7/21/19,0.788940568,234.5581956,185.0524762
7/22/19,0.930129199,273.9034506,254.7655971
7/23/19,0.940465116,308.0133449,289.6758062
7/24/19,0.964599483,310.9585156,299.9504235
7/25/19,0.940206718,262.8912568,247.1721258
7/26/19,0.900671835,238.916978,215.1857929
7/27/19,0.888552972,235.5700722,209.3164877
7/28/19,0.800284238,227.3445074,181.9402258
7/29/19,0.888578811,252.8764875,224.7006887
7/30/19,0.97630491,280.0260953,273.3908517
7/31/19,0.932713178,268.0073535,249.9739905
8/1/19,0.865607235,259.4348463,224.56868
8/2/19,0.961808786,235.3959438,226.4058869
8/3/19,0.983229974,252.394492,248.1618299
8/4/19,0.906485788,227.8660348,206.5573221
8/5/19,0.913850129,271.4688098,248.0818069
8/6/19,0.960465116,300.3224404,288.4492277
8/7/19,0.924315245,290.3427451,268.3682257
8/8/19,0.895917313,241.08578,215.9929241
8/9/19,0.879819121,228.048363,200.6413104
8/10/19,0.932739018,249.9582229,233.1457874
8/11/19,0.864418605,227.0043438,196.2267781
8/12/19,0.962377261,264.4239414,254.4755884
8/13/19,0.948449612,279.102868,264.715007
8/14/19,0.880852713,267.3492206,235.4952864
8/15/19,0.905074396,234.5876871,212.3193091
8/16/19,0.911400083,220.7637247,201.204077
8/17/19,0.96061893,227.5903635,218.6276113
8/18/19,0.830452573,199.7253529,165.8624332
8/19/19,0.88760901,231.6665774,205.6293414
8/20/19,0.886150031,256.2433163,227.0700227
8/21/19,0.881787559,251.6792786,221.9276569
8/22/19,0.893324034,222.1698763,198.4696901
8/23/19,0.846543707,213.0117624,180.3237671
8/24/19,0.918362265,215.1985111,197.6301921
8/25/19,0.773391197,214.0760899,165.5645633
8/26/19,0.922694772,228.4171142,210.7592771
8/27/19,0.876973548,260.0662237,228.071199
8/28/19,0.866434181,240.2849372,208.1910827
8/29/19,0.894893573,223.2868264,199.8179459
8/30/19,1.004142385,234.1272119,235.0970569
8/31/19,1.02433974,271.5066497,278.1150508
9/1/19,0.965494937,229.9236424,221.9901126
9/2/19,0.672101674,234.7616879,157.7837234
9/3/19,0.901845423,292.1823636,263.5033272
9/4/19,0.920664393,325.0552421,299.2667873
9/5/19,0.949482331,290.0236182,275.372301
9/6/19,0.857783633,262.303669,224.9997942
9/7/19,0.940977475,264.3903073,248.7853237
9/8/19,0.809423435,264.1615975,213.8185876
9/9/19,0.987613143,346.4962039,342.2042051
9/10/19,0.994355239,375.0839074,372.9666483
9/11/19,0.976579872,366.1800554,357.6040716
9/12/19,0.928371564,325.9719765,302.6231138
9/13/19,0.858358132,284.3213087,244.0495074
9/14/19,0.870722257,281.278628,244.9155618
9/15/19,0.831060136,288.2935362,239.5892655
9/16/19,0.932420955,367.694251,342.8458246
9/17/19,0.928743542,400.8726953,372.307927
9/18/19,0.991097334,396.8212421,393.2884752
9/19/19,0.948345733,355.4552481,337.0944677
9/20/19,0.921184129,347.0931731,319.7367223
9/21/19,0.935743955,380.4027747,355.959597
9/22/19,0.897751602,418.8809676,376.0510595
9/23/19,0.975250052,506.7287784,494.1872673
9/24/19,1.032944823,527.1578752,544.5249982
9/25/19,1.045192188,515.5348277,538.8329748
9/26/19,1.003729076,417.0656134,418.6208828
9/27/19,0.952879727,336.6027576,320.7419439
9/28/19,0.986705931,304.5860386,300.5368508
9/29/19,0.737368258,250.7385815,184.8866711
9/30/19,0.77100434,272.4255189,210.0412573
10/1/19,0.876782393,326.7305262,286.4715727
10/2/19,0.992182269,356.2670329,353.4818331
10/3/19,0.92567266,338.8334827,313.6488911
10/4/19,0.94627609,303.7185438,287.4015961
10/5/19,0.930064063,303.2717145,282.0621229
10/6/19,0.84083385,263.0703851,221.1984847
10/7/19,0.888415995,291.190935,258.6986843
10/8/19,0.872090308,302.4390691,263.7541809
10/9/19,0.871764827,307.6681806,268.2142983
10/10/19,0.906944617,319.8654596,290.1002567
10/11/19,0.977480884,297.9036417,291.1951151
10/12/19,0.991110767,312.5275792,309.7494487
10/13/19,0.959944203,292.180874,280.4773363
10/14/19,0.867364125,321.845467,279.1572118
10/15/19,0.963412895,394.9242743,380.4751385
10/16/19,1.022505683,400.7498035,409.7689516
10/17/19,0.958789006,368.4522922,353.268007
10/18/19,0.973399463,310.4224595,302.1650553
10/19/19,0.917426121,317.0690722,290.8874491
10/20/19,0.802328994,280.1236129,224.7512964
10/21/19,0.962788799,341.2516981,328.5533126
10/22/19,0.951556336,392.528237,373.5127309
10/23/19,1.023321285,398.3137721,407.602961
10/24/19,0.920549417,341.2169276,314.1070436
10/25/19,0.933751581,294.7499767,275.2232569
10/26/19,0.97223711,290.8635723,282.7883591
10/27/19,0.839232437,265.2289744,222.5887586
10/28/19,0.975687915,313.7409289,306.1132327
10/29/19,0.925300648,325.423582,301.1146513
10/30/19,0.77733922,287.4410707,223.4392176
10/31/19,0.830170397,274.2678954,227.6890877
11/1/19,0.917288617,306.61465,281.2541282
11/2/19,0.976729662,340.1304462,332.2154957
11/3/19,0.89924199,301.9318071,271.5097591
11/4/19,0.988743191,348.3544995,344.4331393
11/5/19,0.945447293,372.0577026,351.7609478
11/6/19,0.967917022,359.424544,347.8931341
11/7/19,0.951513955,314.1098654,298.8799201
11/8/19,0.964027057,271.8879216,262.1073129
11/9/19,0.987116929,296.2608696,292.4441197
11/10/19,0.84011902,250.3520306,210.3255026
11/11/19,0.833974647,300.8863291,250.9315701
11/12/19,0.877925283,355.1552699,311.799791
11/13/19,0.896255906,346.9038559,310.9146296
11/14/19,0.964276457,295.4537487,284.8990939
11/15/19,0.928235097,258.2061632,239.6760229
11/16/19,0.949379857,256.5275297,243.5420695
11/17/19,0.731503627,245.6366689,179.6841143
11/18/19,0.937271061,297.2417492,278.5960896
11/19/19,0.943235484,346.8900601,327.1990138
11/20/19,0.974517853,350.965059,342.0217157
11/21/19,0.939637777,280.8038097,263.8538674
11/22/19,0.818096972,247.8005785,202.7249028
11/23/19,0.961720497,236.2294965,227.1867487
11/24/19,0.72748509,211.7682779,154.0582647
11/25/19,0.743044691,206.3018461,153.2914914
11/26/19,0.734094441,237.006815,173.9853855
11/27/19,0.937761599,291.5157963,273.3723192
11/28/19,0.900567217,294.7158475,265.4114305
11/29/19,0.94246947,294.8724399,277.9082723
11/30/19,0.907615212,271.2048512,246.1496485
12/1/19,0.67984277,283.4306587,192.6882841
12/2/19,0.921418945,364.3138768,335.6857081
12/3/19,0.956118297,438.3376196,419.1026184
12/4/19,0.944715875,465.5965315,439.8564349
12/5/19,0.95117032,441.4042617,419.8506328
12/6/19,0.966944724,403.6798215,390.3360736
12/7/19,1.024302791,391.556061,401.0719661
12/8/19,0.794852193,321.1278364,255.2491651
12/9/19,0.919388635,410.1198751,377.0595521
12/10/19,0.962013787,468.4320215,450.6380628
12/11/19,0.953932822,447.9058222,427.272065
12/12/19,0.909569359,393.5499561,357.9609815
12/13/19,0.908769008,355.3160621,322.9002254
12/14/19,0.984595306,352.708523,347.2751563
12/15/19,0.814112256,261.7832223,213.1209296
12/16/19,0.930567217,269.0710609,250.3887082
12/17/19,0.906660212,277.1781762,251.3064241
12/18/19,0.868484238,261.4495328,227.0647984
12/19/19,0.791263522,239.7771259,189.7268931
12/20/19,0.901513696,250.5846284,225.9054746
12/21/19,0.969767382,281.4987115,272.9882685
12/22/19,0.944525857,229.2602983,216.5422796
12/23/19,0.857149975,222.9877973,191.133985
12/24/19,0.818440864,220.7172934,180.6440524
12/25/19,0.805738776,236.6236222,190.6568277
12/26/19,0.944285235,264.3426732,249.6148832
12/27/19,1.028459453,295.584447,303.9966188
12/28/19,1.019647071,321.069661,327.3777394
12/29/19,0.891402164,305.18855,272.0457338
12/30/19,0.957796194,337.7954409,323.5391878
12/31/19,0.917676142,383.9266187,352.3202982
1/1/20,0.839043193,230.2907034,193.2238471
1/2/20,0.771478584,204.59694,157.8421576
1/3/20,0.835110371,176.2212015,147.1641529
1/4/20,0.754636615,179.3119443,135.3153586
1/5/20,0.616097901,169.8334501,104.6340321
1/6/20,0.600504738,188.5182598,113.2061082
1/7/20,0.755178272,190.2316231,143.6587884
1/8/20,0.771073503,185.6275864,143.1325133
1/9/20,0.725393334,177.961501,129.0920865
1/10/20,0.756486459,187.1641865,141.5871726
1/11/20,0.854766478,208.4152708,178.146387
1/12/20,0.771934526,227.0365115,175.2573219
1/13/20,0.954723879,258.469132,246.7666523
1/14/20,0.836272429,248.5511346,207.8564611
1/15/20,0.789955077,216.4628138,170.9958987
1/16/20,0.749257481,196.6627253,147.3510181
1/17/20,0.698001188,186.131024,129.9196758
1/18/20,0.867347998,182.0674495,157.9158378
1/19/20,0.608000413,160.9744352,97.87252312
1/20/20,0.587509359,183.7806315,107.972841
1/21/20,0.787467792,195.9554732,154.3086239
1/22/20,0.828019002,199.2780828,165.0060392
1/23/20,0.784223272,187.7413386,147.2311269
1/24/20,0.714085405,169.5761917,121.0918836
1/25/20,0.730703793,164.5537774,120.2400693
1/26/20,0.577844732,165.5133507,95.64101775
1/27/20,0.676572432,197.0633926,133.3276587
1/28/20,0.770187695,214.1539368,164.938727
1/29/20,0.814748922,205.3566497,167.314109
1/30/20,0.720909819,189.682188,136.7437517
1/31/20,0.695943769,170.2480893,118.4830969
2/1/20,0.707476054,174.0288293,123.1212294
2/2/20,0.596253066,166.7737493,99.43935931
2/3/20,0.758578215,210.1544167,159.4185623
2/4/20,0.853742287,226.4707616,193.3476659
2/5/20,0.836788527,224.2837989,187.6781096
2/6/20,0.741323161,195.3065388,144.7852607
2/7/20,0.68309581,183.3622897,125.2540118
2/8/20,0.779585108,185.0448223,144.2581878
2/9/20,0.677931738,172.9787968,117.2678163
2/10/20,0.80943898,203.5303932,164.7454338
2/11/20,0.874129554,233.537685,204.1421923
2/12/20,0.75887073,220.6313259,167.4306554
2/13/20,0.685005809,199.7888706,136.8565369
2/14/20,0.869293109,191.4051092,166.3871425
2/15/20,0.924646426,220.433438,203.8229905
2/16/20,0.699670823,182.1932613,127.4753091
2/17/20,0.705040147,179.3128266,126.4227415
2/18/20,0.748836135,207.7329465,155.5579366
2/19/20,0.773836522,202.3070998,156.5526225
2/20/20,0.741857073,187.566853,139.1477965
2/21/20,0.824499006,190.4119319,156.9944485
2/22/20,0.770256371,184.2329876,141.9066324
2/23/20,0.604153564,185.308768,111.9549527
2/24/20,0.779576588,209.6636601,163.4488809
2/25/20,0.852545891,227.6362966,194.0703894
2/26/20,0.804929388,228.0657625,183.5768347
2/27/20,0.752966721,195.8449168,147.4647048
2/28/20,0.703758294,180.9552761,127.3487764
2/29/20,0.732459143,173.3125701,126.9443766
3/1/20,0.547397568,174.7015554,95.63120657
3/2/20,0.6630008,221.7411262,147.0145442
3/3/20,0.742286939,253.4484408,188.1314673
3/4/20,0.724266388,244.9147483,177.3835201
3/5/20,0.703327912,212.9677272,149.7861468
3/6/20,0.69393024,204.9672478,142.2329716
3/7/20,0.705316139,201.1032116,141.8413407
3/8/20,0.514083856,178.6582584,91.8453264
3/9/20,0.511940981,201.628319,103.2217994
3/10/20,0.561157669,219.9024901,123.3999688
3/11/20,0.426518731,224.5178184,95.76105493
3/12/20,0.461062402,199.4552245,91.96130481
3/13/20,0.335571218,188.9453025,63.40460538
3/14/20,0.32722304,173.9573698,56.92285934
3/15/20,0.247833114,167.9020393,41.61168522
3/16/20,0.165362869,174.9494369,28.93014079
3/17/20,0.144803139,188.7477812,27.33127129
3/18/20,0.125279463,193.8180915,24.28142643
3/19/20,0.068360656,177.710924,12.1484353
3/20/20,0.062430618,178.5550177,11.14730016
3/21/20,0.118567187,181.7852301,21.55376342
3/22/20,0.041528334,175.8657977,7.303413506
3/23/20,0.123593649,166.4353248,20.57034914
3/24/20,0.100005163,177.5293117,17.75384781
3/25/20,0.084011226,162.9398725,13.6887784
3/26/20,0.044768307,164.0948521,7.346248715
3/27/20,0.119988252,140.4591307,16.8534456
3/28/20,0.07868294,152.1134843,11.96873609
3/29/20,0.080798851,149.4702721,12.07702629
3/30/20,0.061006396,127.6192271,7.78558911
3/31/20,0.042990471,140.7371661,6.050357088
4/1/20,0.037638689,129.0411714,4.856940578
4/2/20,0.04348649,129.3988815,5.627103167
4/3/20,0.069334291,136.7428145,9.480966034
4/4/20,0.083015272,129.5210574,10.75222583
4/5/20,0.07152591,133.7170656,9.564234858
4/6/20,0.12724318,135.523479,17.24443839
4/7/20,0.148571988,128.2974206,19.06140283
4/8/20,0.191050777,118.0559921,22.55468898
4/9/20,0.162121133,124.3944704,20.16697248
4/10/20,0.125802115,128.5794079,16.17556141
4/11/20,0.141362746,121.6690331,17.19946867
4/12/20,0.169639734,127.3281482,21.59991315
4/13/20,0.16143976,115.5501256,18.65438452
4/14/20,0.210028717,126.2961978,26.52582837
4/15/20,0.211151286,108.6172071,22.93466293
4/16/20,0.146268111,115.3276732,16.86876093
4/17/20,0.185038507,114.3266325,21.15482936
4/18/20,0.192555802,109.7813865,21.13904294
4/19/20,0.213573946,119.5488968,25.53252962
4/20/20,0.176027934,116.4738913,20.50265841
4/21/20,0.195662446,118.5761998,23.2009093
4/22/20,0.194957577,105.632231,20.59380385
4/23/20,0.238220859,116.7953691,27.82309314
4/24/20,0.231771309,111.4734684,25.8363517
4/25/20,0.202580603,106.7062886,21.61662429
4/26/20,0.202606709,105.6430743,21.40399564
4/27/20,0.23668059,116.0706038,27.47165899
4/28/20,0.217646521,103.4286052,22.51087613
4/29/20,0.186732803,117.2805524,21.90012622
4/30/20,0.218612453,107.1572488,23.42590899
5/1/20,0.250204934,120.9294391,30.25714235
5/2/20,0.199369534,113.7235356,22.67300831
5/3/20,0.210335465,103.3805648,21.74459921
5/4/20,0.17688944,111.4643509,19.71686661
5/5/20,0.233991646,111.4802167,26.0854394
5/6/20,0.185401384,110.7493112,20.53307553
5/7/20,0.232867772,112.7067774,26.24577613
5/8/20,0.207463778,117.955335,24.47145939
5/9/20,0.22106644,106.5816516,23.56162633
5/10/20,0.193652265,110.0639091,21.31412526
5/11/20,0.255037201,113.2684206,28.887661
5/12/20,0.209084976,106.0083291,22.16474893
5/13/20,0.175247357,108.2621515,18.97265588
5/14/20,0.186187182,123.2346217,22.94470692
5/15/20,0.226838533,118.0906563,26.78751121
5/16/20,0.231015533,112.8795668,26.07693331
5/17/20,0.236211983,106.7882726,25.22466962
5/18/20,0.214960188,113.7634783,24.45461868
5/19/20,0.217466388,122.8232052,26.70991882
5/20/20,0.159763738,110.3512386,17.63012642
5/21/20,0.200207545,120.6865493,24.16235771
5/22/20,0.224384545,118.3843264,26.56361322
5/23/20,0.188561545,104.6115692,19.72571916
5/24/20,0.192504895,114.3683413,22.01646553
5/25/20,0.236892051,120.9614403,28.65480363
5/26/20,0.211723013,109.3511565,23.15215628
5/27/20,0.243263282,118.9246869,28.93000959
5/28/20,0.172636731,105.2824525,18.17561848
5/29/20,0.20146195,114.8075092,23.1293447
5/30/20,0.213889832,110.3060945,23.59335197
5/31/20,0.176214593,123.3605974,21.73793752
6/1/20,0.184674325,122.7566985,22.67001037
6/2/20,0.199975199,117.2046756,23.43802833
6/3/20,0.167103511,114.5135265,19.13561238
6/4/20,0.132065005,124.0383331,16.38112303
6/5/20,0.220968542,121.3898116,26.82332969
6/6/20,0.183605273,130.9620333,24.04531993
6/7/20,0.187183135,124.8756313,23.3746122
6/8/20,0.139689336,129.3160309,18.06407044
6/9/20,0.192691555,112.0957637,21.59990698
6/10/20,0.182691555,113.5279363,20.74059517
6/11/20,0.21175173,114.9578287,24.34251904
6/12/20,0.201725623,113.0217174,22.79937638
6/13/20,0.141360136,125.997236,17.81098638
6/14/20,0.146217204,112.638301,16.46965744
6/15/20,0.200917635,113.4596121,22.79603691
6/16/20,0.109587521,118.1791068,12.95095537
6/17/20,0.158177784,118.418805,18.73122411
6/18/20,0.147812296,126.2602172,18.6628126
6/19/20,0.17018927,122.3954489,20.83039214
6/20/20,0.19102467,114.7399016,21.91815188
6/21/20,0.182618457,125.7586908,22.96585808
6/22/20,0.148049863,114.208252,16.90851605
6/23/20,0.138284819,114.6437408,15.85348897
6/24/20,0.136196319,117.2762005,15.97258681
6/25/20,0.09716225,112.6759016,10.94784416
6/26/20,0.146614019,125.5455723,18.40674093
6/27/20,0.164055606,111.360708,18.26934847
6/28/20,0.083874168,111.0538367,9.314548138
6/29/20,0.131159118,124.2162874,16.29209865
6/30/20,0.080219293,131.4576835,10.54544237
7/1/20,0.053276335,124.7690514,6.647237741
7/2/20,0.080926772,116.8797601,9.458701696
7/3/20,0.107166166,113.6046373,12.17457346
7/4/20,0.156172823,127.7111844,19.94501625
7/5/20,0.069490928,129.9601377,9.031050583
7/6/20,0.056671453,120.1814841,6.810859305
7/7/20,0.064661271,129.8514326,8.396358724
7/8/20,0.083460384,124.4171027,10.38389914
7/9/20,0.112912152,119.6973854,13.51528943
7/10/20,0.107715703,118.13593,12.72509474
7/11/20,0.111031197,117.6744771,13.06553805
7/12/20,0.117560371,129.292708,15.19969868
7/13/20,0.115524083,132.3678114,15.29167004
7/14/20,0.044975852,123.0858451,5.535890719
7/15/20,0.084505939,128.9415167,10.89632397
7/16/20,0.085184702,127.7542776,10.88271003
7/17/20,0.118369665,112.7654473,13.34800817
7/18/20,0.061032502,119.1530843,7.272210892
7/19/20,0.097483357,115.9841576,11.30652507
7/20/20,0.065603707,119.9870815,7.871597346
7/21/20,0.02690902,133.5274559,3.593092943
7/22/20,0.043697951,131.5579206,5.748811523
7/23/20,0.099650176,116.1341414,11.57278765
7/24/20,0.058343558,120.6914528,7.041568813
7/25/20,0.123956403,123.7628886,15.34120244
7/26/20,0.035577601,122.6268008,4.36276737
7/27/20,0.081896619,124.6374834,10.20738852
7/28/20,0.054376713,123.1528671,6.696648136
7/29/20,0.024089544,123.0036594,2.96310212
7/30/20,0.035916982,119.3337663,4.28610875
7/31/20,0.11484532,121.9943741,14.01048298
8/1/20,0.08327764,118.4976571,9.86820523
8/2/20,0.066047513,114.2789999,7.547843776
8/3/20,0.092810338,131.7044998,12.22353915
8/4/20,0.022705913,119.4688191,2.712648621
8/5/20,0.054115651,120.2508497,6.507452978
8/6/20,0.108840882,124.5871308,13.56017325
8/7/20,0.126488709,119.6490091,15.1342487
8/8/20,0.123012662,132.129827,16.25364169
8/9/20,0.135963973,131.8044583,17.92065786
8/10/20,0.100714006,140.1537705,14.11544768
8/11/20,0.088521081,140.2216663,12.41257346
8/12/20,0.092542749,138.1336358,12.78326638
8/13/20,0.140011748,130.9639784,18.33649551
8/14/20,0.14505156,119.4969723,17.33322223
8/15/20,0.176248532,116.7907251,20.58419379
8/16/20,0.129099334,128.4258468,16.57969133
8/17/20,0.138968803,127.4949924,17.71782648
8/18/20,0.053825871,137.2925919,7.389893383
8/19/20,0.043382065,135.7567545,5.889408347
8/20/20,0.114452421,135.7701091,15.53921773
8/21/20,0.136148022,125.2603939,17.05395493
8/22/20,0.093536092,129.0055982,12.06667949
8/23/20,0.102416134,109.8773197,11.25321026
8/24/20,0.105524083,129.2061619,13.63436176
8/25/20,0.114740895,121.0023332,13.88391607
8/26/20,0.124923639,120.4018339,15.04103526
8/27/20,0.121580734,117.5557202,14.29251071
8/28/20,0.102439629,127.8986217,13.1018874
8/29/20,0.110088761,134.1305207,14.76626287
8/30/20,0.104191359,132.3923725,13.79414119
8/31/20,0.057795327,127.0789617,7.344570142
9/1/20,0.109232476,146.6664514,16.02073966
9/2/20,0.106151938,127.615765,13.54666083
9/3/20,0.096933821,131.6274017,12.75914695
9/4/20,0.071578123,124.2320832,8.89229933
9/5/20,0.169642344,123.8748609,21.01442181
9/6/20,0.088652917,126.3338163,11.19986138
9/7/20,0.040563895,121.6062991,4.932825155
9/8/20,0.05108602,131.1696747,6.700936638
9/9/20,0.123096202,147.4032344,18.14477824
9/10/20,0.103617021,150.7210186,15.617263
9/11/20,0.062179872,133.0099755,8.270543259
9/12/20,0.142465736,132.398912,18.86230838
9/13/20,0.087168777,134.7742607,11.74810746
9/14/20,0.12254797,134.7256927,16.51036018
9/15/20,0.084871427,141.5386455,12.01258677
9/16/20,0.047795327,133.2842916,6.370366299
9/17/20,0.071632946,137.1934648,9.827572068
9/18/20,0.114214854,132.4022936,15.1223087
9/19/20,0.120113562,123.6725901,14.85475534
9/20/20,0.121110821,128.563774,15.57046422
9/21/20,0.114923639,131.0317509,15.05864567
9/22/20,0.039857721,150.2441314,5.98838866
9/23/20,0.079205065,135.5753081,10.73825104
9/24/20,0.109203759,141.3622367,15.43728767
9/25/20,0.152020624,133.914352,20.35774334
9/26/20,0.142122438,144.3796198,20.51958361
9/27/20,0.088342253,122.7871379,10.8472924
9/28/20,0.086046208,144.9853094,12.4754361
9/29/20,0.038186921,143.9393707,5.496601342
9/30/20,0.072207284,138.470854,9.998604228
10/1/20,0.070587391,136.4418681,9.631075449
10/2/20,0.117790106,122.4770914,14.42658955
10/3/20,0.104237045,126.7842919,13.21561991
10/4/20,0.122701997,141.9382235,17.41610349
10/5/20,0.073669234,138.6876729,10.2170146
10/6/20,0.045522778,126.9367802,5.778514828
10/7/20,0.107820128,126.1440209,13.60086447
10/8/20,0.086670148,133.5049305,11.57089202
10/9/20,0.129564026,128.7906756,16.68663839
10/10/20,0.160318496,129.9726381,20.8370179
10/11/20,0.075885655,129.8062434,9.850431756
10/12/20,0.120614802,130.830446,15.78008838
10/13/20,0.09098029,130.2533547,11.85048795
10/14/20,0.054426315,133.3237369,7.256319713
10/15/20,0.05567811,127.0642261,7.074695946
10/16/20,0.180663747,141.8142417,25.6206923
10/17/20,0.138233525,139.7409934,19.31689011
10/18/20,0.066421147,145.9650002,9.695162743
10/19/20,0.107797963,140.562362,15.15233632
10/20/20,0.047192403,135.0003318,6.370990058
10/21/20,0.110110102,150.3524874,16.5553277
10/22/20,0.13194605,140.6405502,18.55696508
10/23/20,0.151590972,132.9546369,20.15472259
10/24/20,0.183088357,130.1698394,23.83258199
10/25/20,0.058698046,136.5450228,8.014925987
10/26/20,0.08642169,142.499441,12.31504253
10/27/20,0.126559317,137.5938708,17.41378636
10/28/20,0.057550234,139.2122357,8.011696735
10/29/20,0.075862923,131.7729067,9.996677903
10/30/20,0.174682081,132.6693916,23.1749654
10/31/20,0.122601156,140.3011093,17.2010782
11/1/20,0.113358106,137.4040623,15.5758643
11/2/20,0.11926507,135.4585707,16.15547595
11/3/20,0.105375723,141.4921038,14.90983267
11/4/20,0.115741811,143.6282811,16.62379738
11/5/20,0.117715387,139.5307901,16.42492091
11/6/20,0.122020369,117.3504169,14.31914115
11/7/20,0.15002202,126.6734699,19.00380989
11/8/20,0.051824938,119.0114769,6.167762421
11/9/20,0.113952656,117.2561784,13.36165299
11/10/20,0.119127443,132.7928708,15.81927513
11/11/20,0.121439582,123.6395565,15.01473601
11/12/20,0.14060556,120.1691159,16.89644585
11/13/20,0.123176438,129.5564943,15.95830751
11/14/20,0.100407377,126.7312495,12.72475232
11/15/20,0.068431049,114.9594064,7.866792741
11/16/20,0.041164327,113.3750557,4.667007867
11/17/20,0.061246903,131.3133304,8.042534859
11/18/20,0.118596201,120.2044504,14.25579122
11/19/20,0.074238921,131.0979687,9.732571742
11/20/20,0.114442609,115.063549,13.1681728
11/21/20,0.132003854,120.7030843,15.93327226
11/22/20,0.095862923,116.1202386,11.13162552
11/23/20,0.121926782,121.5128949,14.81567628
11/24/20,0.092532342,137.0762988,12.68399101
11/25/20,0.104203138,128.7295117,13.41401906
11/26/20,0.130690889,137.3141876,17.94571326
11/27/20,0.173509496,136.9849462,23.76818902
11/28/20,0.132903936,130.8201861,17.38651766
11/29/20,0.143715937,113.6916957,16.33930861
11/30/20,0.056476741,128.6770297,7.267259277
12/1/20,0.03265896,135.0750161,4.411409485
12/2/20,0.080467933,142.1123892,11.43549019
12/3/20,0.078422791,126.9763186,9.957837305
12/4/20,0.10625929,133.8383836,14.2215716
12/5/20,0.106278558,138.4514136,14.71441655
12/6/20,0.054046243,141.7072717,7.658745609
12/7/20,0.057109827,138.4128427,7.904733446
12/8/20,0.1,135.0714683,13.50714683
12/9/20,0.060880815,147.5308358,8.981797482
12/10/20,0.087734655,134.9666043,11.8412484
12/11/20,0.088351225,133.8485629,11.82568448
12/12/20,0.16911368,129.2884074,21.86443837
12/13/20,0.092752546,127.4715329,11.82330924
12/14/20,0.094192128,120.1708544,11.31914847
12/15/20,0.075045417,132.2538109,9.925042389
12/16/20,0.155441784,117.2908769,18.23190311
12/17/20,0.123495734,123.8297159,15.2924416
12/18/20,0.089157721,125.8505177,11.22054533
12/19/20,0.113581062,134.9638583,15.32933843
12/21/20,0.107660336,113.9984893,12.27311564
12/22/20,0.10409591,112.5468222,11.71566386
12/23/20,0.118043775,125.6874462,14.83662061
12/24/20,0.140018288,118.3755436,16.57474094
12/25/20,0.155563296,132.707132,20.64435892
12/26/20,0.117116607,126.807999,14.8513226
12/27/20,0.157333449,130.2104306,20.4864562
12/28/20,0.07961189,128.9594547,10.26670593
12/29/20,0.088291387,135.9018493,11.99896281
12/30/20,0.174213765,151.4672587,26.38768145
12/31/20,0.278091091,177.0417406,49.23373083
1/1/21,0.196290168,129.6640728,25.45178264
1/2/21,0.187769456,119.9289604,22.51899569
1/3/21,0.104894482,122.3007384,12.82867257
1/4/21,0.09364626,112.7188422,10.55569797
1/5/21,0.109915818,111.3284233,12.23675467
1/6/21,0.13354437,126.7412005,16.92557377
1/7/21,0.11088856,118.6540987,13.15738213
1/8/21,0.113951348,110.5940697,12.60234336
1/9/21,0.139148016,126.2521175,17.56773166
1/10/21,0.132441871,126.4626708,16.74895268
1/11/21,0.105460826,127.2949237,13.42462782
1/12/21,0.125954309,131.7054734,16.58887193
1/13/21,0.154880258,124.1427282,19.22725774
1/14/21,0.09943772,117.3793373,11.67193363
1/15/21,0.159525385,125.1920708,19.97131334
1/16/21,0.162399779,119.4025874,19.39095385
1/17/21,0.127086998,127.4527509,16.19758753
1/18/21,0.145257627,122.7894618,17.83610587
1/19/21,0.110308572,122.8468306,13.55105847
1/20/21,0.096694824,115.0407846,11.12384845
1/21/21,0.124126099,109.6337394,13.60840844
1/22/21,0.139946588,111.9431352,15.66605979
1/23/21,0.153096461,126.7088137,19.39867101
1/24/21,0.094822782,119.1042161,11.29379306
1/25/21,0.081092339,111.1938906,9.016972717
1/26/21,0.079902174,110.8270082,8.855318921
1/27/21,0.109742808,115.5185873,12.67733417
1/28/21,0.154213185,106.5926517,16.43799229
1/29/21,0.129975616,113.6592667,14.77293321
1/30/21,0.160629046,113.1073928,18.16833259
1/31/21,0.167928822,121.6947018,20.43604796
2/1/21,0.151209614,104.8461217,15.85374161
2/2/21,0.099104183,105.230653,10.4287979
2/3/21,0.164517693,123.4447608,20.30884724
2/4/21,0.129394467,115.2951359,14.91855268
2/5/21,0.123908677,120.6200854,14.94587516
2/6/21,0.136390897,121.712874,16.60052803
2/7/21,0.088378473,115.0921509,10.1716685
2/8/21,0.164430608,123.4703308,20.30230151
2/9/21,0.157391506,113.3454156,17.83960569
2/10/21,0.102239252,122.6960793,12.5443554
2/11/21,0.116840547,120.5547859,14.08568711
2/12/21,0.272343464,128.2065609,34.91621893
2/13/21,0.335190572,134.6732351,45.14119866
2/14/21,0.321605272,128.5996481,41.35832476
2/15/21,0.140948358,109.7500207,15.46908525
2/16/21,0.1549537,115.6845939,17.92575581
2/17/21,0.189482133,118.4564334,22.44537767
2/18/21,0.193067433,118.1868276,22.81802742
2/19/21,0.202995152,107.4746111,21.81682505
2/20/21,0.180992772,115.0019775,20.81452669
2/21/21,0.188408082,118.0117223,22.2343622
2/22/21,0.12402479,108.5311955,13.46055876
2/23/21,0.155969694,113.9539853,17.77336825
2/24/21,0.190672298,125.3599668,23.90267296
2/25/21,0.12798746,109.8115186,14.05449731
2/26/21,0.181312085,120.541255,21.85558621
2/27/21,0.204621905,127.8873514,26.16855346
2/28/21,0.116361868,117.3988827,13.66075333
3/1/21,0.127653343,126.1677921,16.10574039
3/2/21,0.156143865,129.4059533,20.20594567
3/3/21,0.130120758,115.2447002,14.99572777
3/4/21,0.131499898,124.6004329,16.38494427
3/5/21,0.165027722,128.2416308,21.16342422
3/6/21,0.212372493,127.4390563,27.06455004
3/7/21,0.186841127,126.5784052,23.65005195
3/8/21,0.126347644,131.193837,16.57603226
3/9/21,0.161543731,135.2437986,21.84778787
3/10/21,0.231935905,134.0762726,31.09710166
3/11/21,0.209338152,129.702901,27.15176562
3/12/21,0.243940027,121.4862954,29.63537022
3/13/21,0.212939418,118.8496839,25.30778249
3/14/21,0.158075126,111.5031714,17.62587781
3/15/21,0.19881506,122.8285406,24.42016367
3/16/21,0.173256408,109.9785342,19.0544858
3/17/21,0.198278324,121.830322,24.15631211
3/18/21,0.230876658,111.2774372,25.69136283
3/19/21,0.263548434,119.0520425,31.37597937
3/20/21,0.224579814,125.8464356,28.26256905
3/21/21,0.184025951,123.2112171,22.67406145
3/22/21,0.197682952,125.9169753,24.89163933
3/23/21,0.179772998,120.3231901,21.63086059
3/24/21,0.172182357,129.3251909,22.26751613
3/25/21,0.166028912,121.4148607,20.15837726
3/26/21,0.244651514,132.1733113,32.33640069
3/27/21,0.228469622,136.1180864,31.09884772
3/28/21,0.236842289,121.4486191,28.76416889
3/29/21,0.2465372,114.2527021,28.16754125
3/30/21,0.184360069,132.7740172,24.47822692
3/31/21,0.248946559,125.3700185,31.21043467
4/1/21,0.24039856,132.2557279,31.79408656
4/2/21,0.301111208,140.045108,42.16915162
4/3/21,0.282678742,142.3415985,40.23694406
4/4/21,0.238685303,131.1470402,31.30287101
4/5/21,0.145041946,147.0301789,21.32554328
4/6/21,0.230528317,145.1788797,33.46784282
4/7/21,0.189933525,143.9194666,27.33513159
4/8/21,0.18470899,136.1075563,25.14028927
4/9/21,0.296829226,146.5052804,43.48704895
4/10/21,0.290022932,141.7802096,41.11951215
4/11/21,0.201254028,144.6141082,29.10417174
4/12/21,0.208975007,145.2260133,30.34860707
4/13/21,0.175216117,142.6643645,24.99709592
4/14/21,0.173721443,138.7755934,24.10829638
4/15/21,0.176857093,136.1516334,24.0793821
4/16/21,0.236176377,149.5912821,35.32992698
4/17/21,0.275814392,151.6129259,41.81702703
4/18/21,0.180383756,129.7929016,23.41253105
4/19/21,0.236188859,148.0215586,34.96104301
4/20/21,0.235463148,148.1159215,34.87584121
4/21/21,0.166479143,135.8023137,22.60825282
4/22/21,0.197263491,157.7781925,31.12387706
4/23/21,0.312098174,159.673825,49.83390923
4/24/21,0.319282998,169.1276155,53.99957213
4/25/21,0.229323928,141.0028442,32.33532612
4/26/21,0.224867776,156.2705305,35.14020658
4/27/21,0.195521205,154.5916178,30.22593943
4/28/21,0.238162791,148.1067823,35.27352469
4/29/21,0.197873088,153.8855711,30.44981312
4/30/21,0.295551975,164.7343212,48.68755403
5/1/21,0.252693547,157.7683937,39.867055
5/2/21,0.207030683,142.3792894,29.47688155
5/3/21,0.184490406,165.6050216,30.55253768
5/4/21,0.170557346,158.529442,27.03836083
5/5/21,0.223910418,162.512329,36.38820357
5/6/21,0.196291329,154.9739606,30.42004472
5/7/21,0.283143197,171.0003208,48.41757754
5/8/21,0.292418067,165.5890419,48.4212276
5/9/21,0.226116578,154.387397,34.90954992
5/10/21,0.166188859,157.6439854,26.19867405
5/11/21,0.178090511,171.7717174,30.59091286
5/12/21,0.268540741,159.5956906,42.85794509
5/13/21,0.235014659,161.9534612,38.06143751
5/14/21,0.295742112,185.9116346,54.98189936
5/15/21,0.365104067,181.0091815,66.0871883
5/16/21,0.274245116,163.9320555,44.95756558
5/17/21,0.184941217,168.3664783,31.13790147
5/18/21,0.218468461,171.4713138,37.46107398
5/19/21,0.24481146,171.9685686,42.09987642
5/20/21,0.322388458,181.8394098,58.62292698
5/21/21,0.354610584,187.1920189,66.3802711
5/22/21,0.3740454,195.5797391,73.15570184
5/23/21,0.2608784,172.3902588,44.97289487
5/24/21,0.283838718,179.6237786,50.98418305
5/25/21,0.208280066,188.9644498,39.35752811
5/26/21,0.275421057,174.2336405,47.98761348
5/27/21,0.321120672,172.5380571,55.40553678
5/28/21,0.375141275,185.6682715,69.65183207
5/29/21,0.462991038,203.5200035,94.22793772
5/30/21,0.336391759,186.922142,62.87906808
5/31/21,0.276940781,163.4655653,45.27028127
6/1/21,0.2798029,190.9033355,53.41530687
6/2/21,0.237134903,199.4204407,47.28954693
6/3/21,0.299048144,191.7403083,57.33958325
6/4/21,0.310437074,187.0190743,58.05765418
6/5/21,0.35074642,208.1651348,73.01317576
6/6/21,0.240469527,180.4671122,43.39684108
6/7/21,0.240618394,188.9424007,45.46301702
6/8/21,0.270268854,211.8925042,57.26794429
6/9/21,0.287745854,210.0428435,60.4389574
6/10/21,0.315762646,194.4373945,61.39606622
6/11/21,0.425815643,203.578671,86.68698268
6/12/21,0.404691994,200.2416085,81.03617581
6/13/21,0.296793104,184.3261167,54.70672042
6/14/21,0.34093161,196.9529992,67.14750319
6/15/21,0.372398249,208.6890335,77.71543074
6/16/21,0.40449013,208.3469154,84.27427092
6/17/21,0.386756781,195.7503619,75.70777983
6/18/21,0.392458987,211.1624346,82.87259522
6/19/21,0.491722393,223.4259966,109.8635656
6/20/21,0.298468157,193.8609454,57.86131915
6/21/21,0.324806026,209.3057517,67.98376945
6/22/21,0.401661655,223.9502079,89.95221111
6/23/21,0.398870694,221.8322498,88.48238345
6/24/21,0.365394944,217.4642503,79.46033766
6/25/21,0.39752434,221.8023615,88.17183733
6/26/21,0.488433025,223.8458979,109.333729
6/27/21,0.337914074,198.8640654,67.1989665
6/28/21,0.325848096,217.2944146,70.80497126
6/29/21,0.382517343,212.6720541,81.35074906
6/30/21,0.345814452,210.7935122,72.89544293
7/1/21,0.288341323,209.2082464,60.32338245
7/2/21,0.361103701,225.9039272,81.57474413
7/3/21,0.428864144,226.5778978,97.17113614
7/4/21,0.449068687,213.323508,95.79690772
7/5/21,0.27910769,211.2414312,58.95910798
7/6/21,0.323518028,203.1575208,65.72512047
7/7/21,0.295907643,223.7394917,66.2062256
7/8/21,0.344192396,220.8253649,76.0064114
7/9/21,0.37944413,227.6630178,86.38539576
7/10/21,0.452488761,242.9613668,109.9372877
7/11/21,0.355461041,203.3330815,72.27698891
7/12/21,0.361006639,212.1266067,76.57911342
7/13/21,0.382774883,218.6209832,83.68262129
7/14/21,0.37144282,234.4410511,87.08144516
7/15/21,0.437069997,240.8550695,105.2705246
7/16/21,0.488004585,238.1553656,116.2209104
7/17/21,0.510249204,244.5037176,124.7578272
7/18/21,0.417832495,214.9589051,89.8168156
7/19/21,0.376355435,228.459541,85.98198996
7/20/21,0.475321106,234.4813938,111.4539555
7/21/21,0.441744425,241.2369398,106.5650732
7/22/21,0.38674249,225.4027198,87.17280903
7/23/21,0.462381278,235.9285636,109.0889509
7/24/21,0.435515229,244.4184671,106.4479647
7/25/21,0.363064876,211.542267,76.80356699
7/26/21,0.434587191,222.7575172,96.80756377
7/27/21,0.445253818,232.2177058,103.3958202
7/28/21,0.468975496,240.844777,112.9502989
7/29/21,0.401323726,232.0876114,93.14226506
7/30/21,0.45091851,236.2521805,106.5304813
7/31/21,0.515511359,228.3798423,117.7324028
8/1/21,0.413418287,206.4422296,85.34699289
8/2/21,0.352238962,230.7844055,81.29125931
8/3/21,0.453973561,239.0232789,108.5102491
8/4/21,0.455756096,222.6958312,101.4949826
8/5/21,0.38483312,225.4759806,86.7706251
8/6/21,0.482998779,237.3182403,114.6244204
8/7/21,0.446672522,243.4514575,108.7430765
8/8/21,0.309633191,218.2522083,67.57812779
8/9/21,0.314452616,229.5746525,72.19034995
8/10/21,0.400675261,228.822594,91.68355265
8/11/21,0.310050019,219.7440021,68.13163211
8/12/21,0.407463602,209.8475801,85.50525087
8/13/21,0.36361241,218.1262605,79.31341516
8/14/21,0.440557359,231.2270657,101.8687853
8/15/21,0.36414714,205.6022366,74.86946649
8/16/21,0.301378212,217.2566622,65.47642435
8/17/21,0.390343883,224.612215,87.6760042
8/18/21,0.371955519,213.6757758,79.47788399
8/19/21,0.408449996,230.6775126,94.22022897
8/20/21,0.435112692,223.5285185,97.26009552
8/21/21,0.451473784,240.4208989,108.5437331
8/22/21,0.334430583,204.6383059,68.43730799
8/23/21,0.292453926,220.2530614,64.41387245
8/24/21,0.345822193,222.6866301,77.0099788
8/25/21,0.340440944,219.6741309,74.7860686
8/26/21,0.36109983,226.0181523,81.61511644
8/27/21,0.437490696,229.7470279,100.5121871
8/28/21,0.484703606,239.4063145,116.0411038
8/29/21,0.362547116,220.5548143,79.96151195
8/30/21,0.385996963,225.2724665,86.95448796
8/31/21,0.314809897,223.5518331,70.37632948
9/1/21,0.411125733,222.0986335,91.31046353
9/2/21,0.376172924,238.9878223,89.90074791
9/3/21,0.5504731,267.8747512,147.4578446
9/4/21,0.586179176,276.2550786,161.9349745
9/5/21,0.485225236,248.7151141,120.6828499
9/6/21,0.283432578,229.7626728,65.12222671
9/7/21,0.366205377,243.7001783,89.24431571
9/8/21,0.453582636,268.1097416,121.6099234
9/9/21,0.435362491,264.707522,115.2437263
9/10/21,0.489758538,279.4228334,136.8497182
9/11/21,0.514168875,289.3124205,148.7554417
9/12/21,0.435938607,265.6237172,115.7956333
9/13/21,0.39509721,282.9340622,111.7864586
9/14/21,0.432953524,296.3078055,128.2875085
9/15/21,0.359785929,277.3697708,99.79374067
9/16/21,0.352358055,288.1783075,101.541948
9/17/21,0.470275106,291.9732314,137.3077425
9/18/21,0.525836187,319.4100111,167.9573422
9/19/21,0.444304939,355.5022738,157.9514162
9/20/21,0.414669962,384.545008,159.4592637
9/21/21,0.450926251,404.6956835,182.4879075
9/22/21,0.493631762,372.3026081,183.7803925
9/23/21,0.475194476,348.5263572,165.6177997
9/24/21,0.513283922,327.7197929,168.2133008
9/25/21,0.615210946,302.3722689,186.0227297
9/26/21,0.369816293,262.3348347,97.01569607
9/27/21,0.411445585,285.0546579,117.2844804
9/28/21,0.443078677,274.6909349,121.7096961
9/29/21,0.427449639,279.3421451,119.4046991
9/30/21,0.396422146,274.3539796,108.7599934
10/1/21,0.526412011,272.8206818,143.6160836
10/2/21,0.558926897,283.0166786,158.185634
10/3/21,0.381106043,259.0918683,98.7414768
10/4/21,0.446793361,282.4016311,126.175174
10/5/21,0.410992018,281.7259369,115.7871114
10/6/21,0.446140884,284.6013123,126.9722812
10/7/21,0.464022552,290.0788659,134.6031355
10/8/21,0.618436589,291.4135217,180.2207845
10/9/21,0.663439757,294.5229467,195.3982321
10/10/21,0.524633219,264.0197938,138.5135544
10/11/21,0.38301533,264.4596297,101.2920924
10/12/21,0.465227417,289.5300363,134.6973108
10/13/21,0.426498163,292.6541116,124.816441
10/14/21,0.493058406,277.4512336,136.799663
10/15/21,0.631070569,298.6311951,188.4573582
10/16/21,0.595667047,290.9150849,173.2885295
10/17/21,0.392946915,259.2672263,101.8782567
10/18/21,0.431046497,273.2663122,117.7904866
10/19/21,0.466800963,276.2875282,128.9712842
10/20/21,0.508727987,273.8321364,139.3060715
10/21/21,0.501492462,275.6163462,138.2195199
10/22/21,0.627785379,284.1471087,178.3834005
10/23/21,0.662522488,298.5413865,197.7903823
10/24/21,0.415241353,256.6181178,106.5584545
10/25/21,0.458503737,271.379599,124.4285604
10/26/21,0.478167997,283.4780577,135.5501351
10/27/21,0.457886735,273.223278,125.1053147
10/28/21,0.466461422,270.7152974,126.2782425
10/29/21,0.582062587,256.4399643,149.2641091
10/30/21,0.639740276,262.0395062,167.6372261
10/31/21,0.38595591,238.7537697,92.14842854
11/1/21,0.424611681,255.6135692,108.5365074
11/2/21,0.532882301,265.2228075,141.3325399
11/3/21,0.49199924,285.6673027,140.5480958
11/4/21,0.615948309,283.8523705,174.8383875
11/5/21,0.740710756,299.6604995,221.9617552
11/6/21,0.799931585,317.4528412,253.9405544
11/7/21,0.543759027,279.3442581,151.895962
11/8/21,0.599627518,280.9872912,168.487712
11/9/21,0.654218928,293.7136365,192.1530205
11/10/21,0.639096668,281.6949592,180.0303098
11/11/21,0.680652477,291.5874848,198.4697438
11/12/21,0.765986317,299.0928221,229.1010092
11/13/21,0.777478779,310.9690788,241.7718596
11/14/21,0.576451286,261.9238324,150.98633
11/15/21,0.590984417,283.3805968,167.4735167
11/16/21,0.624218928,284.8342868,177.7989532
11/17/21,0.636404409,282.8545241,180.0098662
11/18/21,0.637264665,267.77178,170.6414936
11/19/21,0.659105537,280.1523736,184.6499805
11/20/21,0.736366401,303.5709125,223.5394201
11/21/21,0.576025592,253.5354993,146.0429361
11/22/21,0.541971367,255.0084787,138.2072938
11/23/21,0.584047891,265.2024704,154.8909434
11/24/21,0.730946408,313.9182213,229.4573963
11/25/21,0.736498163,325.3656636,239.6312135
11/26/21,0.740443431,336.3123704,249.0202854
11/27/21,0.658069175,315.3935025,207.5507421
11/28/21,0.422222222,261.0173344,110.207319
11/29/21,0.498624097,302.3041394,150.7361286
11/30/21,0.570649943,316.3855763,180.5454111
12/1/21,0.699793488,344.7334365,241.2422139
12/2/21,0.73054352,358.211674,261.6892171
12/3/21,0.748578487,390.2642199,292.1433994
12/4/21,0.828057773,414.0503748,342.8576312
12/5/21,0.571848473,333.5651537,190.7487239
12/6/21,0.679535031,379.7099214,258.0261932
12/7/21,0.76104523,391.2605645,297.7669863
12/8/21,0.74518054,395.0600607,294.3910692
12/9/21,0.807953883,403.6661104,326.1436014
12/10/21,0.84901685,419.6446136,356.2853481
12/11/21,0.858527809,414.9195927,356.220009
12/12/21,0.545464335,321.2219832,175.2151356
12/13/21,0.644509059,318.3863,205.2028545
12/14/21,0.663580388,324.3453758,215.2292302
12/15/21,0.649462815,330.5364617,214.6711409
12/16/21,0.624915748,324.8551543,203.0071018
12/17/21,0.717122767,342.159884,245.3706428
12/18/21,0.731094641,368.4655459,269.3831859
12/19/21,0.59395667,300.5226366,178.4974247
12/20/21,0.621672368,291.7357661,181.3640645
12/21/21,0.484619283,279.8782274,135.6343859
12/22/21,0.501995439,265.1825796,133.1204455
12/23/21,0.471995439,268.333722,126.6522929
12/24/21,0.541316356,293.028596,158.6211719
12/25/21,0.513180033,294.6109436,151.1884538
12/26/21,0.5672748,285.3696316,161.8830008
12/27/21,0.604844799,325.3602733,196.7924692
12/28/21,0.554663626,332.4919241,184.4211762
12/29/21,0.530663879,339.9501881,180.3992856
12/30/21,0.596609654,362.8667348,216.4897972
12/31/21,0.638056506,399.5699161,254.9481845